file,class
100001.png,<=10
100002.png,>70_80
100003.png,>10_20
100004.png,>20_30
100005.png,>50_60
100006.png,>90
100007.png,>10_20
100008.png,>90
100009.png,>30_40
100010.png,>40_50
100011.png,>20_30
100012.png,>40_50
100013.png,>60_70
100014.png,>90
100015.png,>20_30
100016.png,>50_60
100017.png,>10_20
100018.png,>70_80
100019.png,>50_60
100020.png,>90
100021.png,>40_50
100022.png,<=10
100023.png,>50_60
100024.png,<=10
100026.png,>30_40
100027.png,<=10
100029.png,<=10
100030.png,>60_70
100031.png,>60_70
100032.png,>70_80
100034.png,>10_20
100035.png,>80_90
100036.png,>60_70
100037.png,>70_80
100038.png,>40_50
100039.png,>20_30
100040.png,>90
100041.png,>40_50
100042.png,>40_50
100043.png,>40_50
100044.png,<=10
100045.png,>50_60
100046.png,>40_50
100048.png,>90
100049.png,>90
100051.png,>40_50
100053.png,>30_40
100054.png,>70_80
100055.png,>80_90
100056.png,>50_60
100057.png,>90
100058.png,>20_30
100059.png,>40_50
100060.png,>20_30
100061.png,>40_50
100062.png,>90
100063.png,>90
100064.png,>50_60
100065.png,>30_40
100066.png,<=10
100067.png,>60_70
100068.png,>10_20
100069.png,>80_90
100070.png,>10_20
100071.png,>20_30
100074.png,>60_70
100075.png,>90
100076.png,>90
100077.png,>70_80
100078.png,>80_90
100079.png,>70_80
100080.png,>70_80
100082.png,>50_60
100083.png,>80_90
100084.png,>60_70
100085.png,>30_40
100086.png,>80_90
100087.png,>80_90
100088.png,>60_70
100089.png,>50_60
100090.png,>60_70
100091.png,>70_80
100092.png,>40_50
100094.png,>80_90
100095.png,>80_90
100098.png,>90
100099.png,>50_60
100101.png,>10_20
100102.png,>10_20
100103.png,>80_90
100104.png,>10_20
100105.png,>40_50
100106.png,>30_40
100107.png,>40_50
100108.png,>40_50
100109.png,>90
100110.png,>90
100111.png,<=10
100112.png,>20_30
100113.png,>40_50
100114.png,>40_50
100115.png,>70_80
100116.png,>20_30
100117.png,>20_30
100118.png,>50_60
100119.png,>30_40
100120.png,<=10
100121.png,>80_90
100122.png,>50_60
100123.png,>60_70
100124.png,>50_60
100125.png,>80_90
100126.png,>40_50
100127.png,>10_20
100128.png,>50_60
100129.png,>70_80
100130.png,>60_70
100131.png,>20_30
100132.png,<=10
100133.png,>80_90
100134.png,<=10
100135.png,>70_80
100136.png,>30_40
100137.png,>10_20
100138.png,>30_40
100139.png,>70_80
100140.png,>50_60
100141.png,>60_70
100142.png,>70_80
100143.png,>60_70
100144.png,>20_30
100145.png,>10_20
100146.png,>60_70
100147.png,>90
100148.png,>40_50
100149.png,>30_40
100150.png,>40_50
100151.png,>40_50
100152.png,>10_20
100153.png,<=10
100154.png,>40_50
100155.png,>80_90
100156.png,>80_90
100157.png,>90
100158.png,>90
100159.png,>40_50
100160.png,>50_60
100161.png,>90
100162.png,>40_50
100163.png,>40_50
100164.png,>50_60
100165.png,>60_70
100166.png,>70_80
100167.png,>60_70
100168.png,>50_60
100169.png,>10_20
100170.png,<=10
100171.png,>60_70
100172.png,>10_20
100173.png,>40_50
100174.png,>60_70
100175.png,>30_40
100176.png,>70_80
100177.png,>30_40
100178.png,>50_60
100179.png,>50_60
100180.png,>50_60
100181.png,>30_40
100182.png,>20_30
100183.png,>40_50
100184.png,>90
100185.png,>40_50
100186.png,>80_90
100187.png,>70_80
100188.png,>70_80
100189.png,>60_70
100190.png,>20_30
100191.png,>70_80
100192.png,>70_80
100193.png,>80_90
100194.png,>90
100195.png,>90
100196.png,>70_80
100197.png,>60_70
100198.png,>50_60
100199.png,>60_70
100200.png,>70_80
100201.png,>60_70
100202.png,>80_90
100203.png,>40_50
100204.png,>10_20
100205.png,>60_70
100206.png,>50_60
100207.png,>50_60
100208.png,>80_90
100209.png,>90
100210.png,>40_50
100211.png,>30_40
100212.png,>20_30
100213.png,>60_70
100214.png,>60_70
100215.png,>90
100216.png,>30_40
100217.png,>80_90
100218.png,>10_20
100219.png,>40_50
100220.png,<=10
100221.png,>40_50
100222.png,>80_90
100223.png,>60_70
100224.png,>80_90
100225.png,>80_90
100226.png,<=10
100227.png,>20_30
100228.png,>20_30
100229.png,>70_80
100230.png,>50_60
100231.png,>30_40
100232.png,>60_70
100233.png,>70_80
100234.png,>20_30
100235.png,>90
100236.png,>40_50
100237.png,>90
100238.png,>50_60
100239.png,>50_60
100240.png,>70_80
100241.png,>90
100242.png,>80_90
100243.png,>80_90
100244.png,>10_20
100245.png,>90
100246.png,>10_20
100247.png,>90
100248.png,>90
100249.png,>80_90
100250.png,>90
100251.png,>80_90
100252.png,>10_20
100253.png,>60_70
100254.png,>60_70
100255.png,>20_30
100256.png,>20_30
100257.png,>20_30
100258.png,>50_60
100259.png,>30_40
100260.png,<=10
100261.png,<=10
100262.png,>10_20
100263.png,>80_90
100264.png,>80_90
100265.png,>30_40
100266.png,<=10
100267.png,>60_70
100268.png,<=10
100269.png,>20_30
100270.png,<=10
100271.png,>40_50
100272.png,>20_30
100273.png,>50_60
100274.png,>50_60
100275.png,>90
100276.png,>30_40
100277.png,>60_70
100278.png,>80_90
100279.png,>90
100280.png,>80_90
100281.png,>90
100282.png,>80_90
100283.png,>50_60
100284.png,>30_40
100285.png,>80_90
100286.png,>40_50
100287.png,>30_40
100288.png,>90
100289.png,>50_60
100290.png,>90
100291.png,>90
100292.png,>70_80
100293.png,>20_30
100294.png,>70_80
100295.png,<=10
100296.png,>90
100297.png,>80_90
100298.png,>50_60
100299.png,>90
100300.png,>90
100301.png,>90
100302.png,>80_90
100303.png,>40_50
100304.png,>90
100305.png,>30_40
100306.png,>60_70
100307.png,>60_70
100308.png,>20_30
100309.png,>40_50
100310.png,>50_60
100311.png,>80_90
100312.png,>10_20
100313.png,>90
100314.png,>40_50
100315.png,>30_40
100316.png,>70_80
100317.png,>60_70
100318.png,>20_30
100319.png,>90
100320.png,>70_80
100321.png,>90
100322.png,>30_40
100323.png,>50_60
100324.png,>20_30
100325.png,<=10
100326.png,>20_30
100327.png,<=10
100328.png,>20_30
100329.png,>10_20
100330.png,>30_40
100331.png,>10_20
100332.png,>50_60
100333.png,>60_70
100334.png,>80_90
100335.png,>80_90
100336.png,>80_90
100337.png,>30_40
100338.png,>40_50
100339.png,>20_30
100340.png,>30_40
100341.png,>80_90
100342.png,>80_90
100343.png,>60_70
100344.png,<=10
100345.png,>10_20
100346.png,>30_40
100347.png,>40_50
100348.png,>70_80
100349.png,>60_70
100350.png,>90
100351.png,>20_30
100352.png,>10_20
100353.png,>70_80
100354.png,>80_90
100355.png,>70_80
100356.png,>90
100357.png,>30_40
100358.png,>20_30
100359.png,>30_40
100360.png,>30_40
100361.png,<=10
100362.png,>90
100363.png,>10_20
100364.png,<=10
100365.png,>60_70
100366.png,>80_90
100367.png,>50_60
100368.png,>90
100369.png,>90
100370.png,>70_80
100371.png,>60_70
100372.png,>60_70
100373.png,>70_80
100374.png,>90
100375.png,>90
100376.png,>90
100377.png,>70_80
100378.png,>80_90
100379.png,>60_70
100380.png,>60_70
100381.png,>50_60
100382.png,>80_90
100383.png,>20_30
100384.png,<=10
100385.png,>90
100386.png,>90
100387.png,>70_80
100388.png,>80_90
100389.png,>40_50
100390.png,>30_40
100391.png,>60_70
100392.png,>70_80
100393.png,>40_50
100394.png,<=10
100395.png,<=10
100396.png,<=10
100397.png,>50_60
100398.png,>70_80
100399.png,>10_20
100400.png,>50_60
100401.png,>90
100402.png,>30_40
100403.png,>30_40
100404.png,>90
100405.png,>10_20
100406.png,>40_50
100407.png,>20_30
100408.png,>40_50
100409.png,>30_40
100410.png,>40_50
100411.png,>20_30
100412.png,>40_50
100413.png,>60_70
100414.png,>30_40
100415.png,>70_80
100416.png,>10_20
100417.png,<=10
100418.png,>50_60
100419.png,<=10
100420.png,<=10
100421.png,>30_40
100422.png,>40_50
100423.png,>10_20
100424.png,>30_40
100425.png,>30_40
100426.png,<=10
100427.png,>30_40
100428.png,>40_50
100429.png,>60_70
100430.png,>30_40
100431.png,>50_60
100432.png,>50_60
100433.png,>50_60
100434.png,<=10
100435.png,<=10
100436.png,>20_30
100437.png,>10_20
100438.png,<=10
100439.png,<=10
100440.png,>10_20
100441.png,>70_80
100442.png,>40_50
100443.png,>50_60
100444.png,>80_90
100445.png,>80_90
100446.png,>80_90
100447.png,>80_90
100448.png,>30_40
100449.png,>80_90
100450.png,>70_80
100451.png,>10_20
100452.png,>50_60
100453.png,>80_90
100454.png,>80_90
100455.png,>20_30
100456.png,>40_50
100457.png,>20_30
100458.png,>20_30
100459.png,>20_30
100460.png,>70_80
100461.png,>40_50
100462.png,>80_90
100463.png,>60_70
100464.png,>50_60
100465.png,>80_90
100466.png,>20_30
100467.png,>90
100468.png,>20_30
100469.png,>90
100470.png,>80_90
100471.png,>90
100472.png,>90
100473.png,<=10
100474.png,>50_60
100475.png,>50_60
100476.png,>10_20
100477.png,>20_30
100478.png,>20_30
100479.png,>50_60
100480.png,>80_90
100481.png,>70_80
100482.png,>70_80
100483.png,>50_60
100484.png,>50_60
100485.png,>50_60
100486.png,>30_40
100487.png,>80_90
100488.png,>30_40
100489.png,>80_90
100490.png,>50_60
100491.png,<=10
100492.png,>10_20
100493.png,>20_30
100494.png,>20_30
100495.png,>30_40
100496.png,>80_90
100497.png,>50_60
100498.png,>20_30
100499.png,>30_40
100500.png,>50_60
100501.png,>60_70
100502.png,>50_60
100503.png,>10_20
100504.png,>30_40
100505.png,>30_40
100506.png,<=10
100507.png,>10_20
100509.png,>70_80
100521.png,<=10
100522.png,>70_80
100523.png,>90
100524.png,>70_80
100525.png,>40_50
100526.png,>50_60
100527.png,>50_60
100528.png,>70_80
100529.png,>90
100530.png,>20_30
100531.png,>10_20
100532.png,<=10
100533.png,>20_30
100534.png,>70_80
100535.png,>10_20
100536.png,>10_20
100537.png,>30_40
100538.png,>50_60
100539.png,>20_30
100540.png,>30_40
100541.png,>30_40
100542.png,>10_20
100543.png,>90
100544.png,>90
100545.png,>60_70
100546.png,>90
100547.png,>50_60
100548.png,>80_90
100549.png,>60_70
100550.png,>40_50
100551.png,<=10
100552.png,>10_20
100553.png,>10_20
100554.png,>40_50
100555.png,>60_70
100556.png,>30_40
100557.png,>60_70
100558.png,>60_70
100559.png,>80_90
100560.png,>80_90
100561.png,>70_80
100562.png,>80_90
100563.png,<=10
100564.png,>80_90
100565.png,>80_90
100566.png,>60_70
100567.png,>20_30
100568.png,>20_30
100569.png,>80_90
100570.png,>90
100571.png,>40_50
100572.png,>40_50
100573.png,>60_70
100574.png,>30_40
100575.png,>70_80
100576.png,<=10
100577.png,>20_30
100578.png,>20_30
100579.png,>80_90
100580.png,>50_60
100581.png,>40_50
100582.png,>50_60
100583.png,<=10
100584.png,<=10
100585.png,>50_60
100586.png,>50_60
100587.png,>20_30
100588.png,<=10
100589.png,>60_70
100590.png,>40_50
100591.png,>90
100592.png,>90
100593.png,>40_50
100594.png,>50_60
100595.png,>90
100596.png,>80_90
100597.png,>90
100598.png,>70_80
100599.png,<=10
100600.png,<=10
100601.png,>30_40
100602.png,>20_30
100603.png,>60_70
100604.png,>20_30
100605.png,>20_30
100606.png,<=10
100607.png,<=10
100608.png,<=10
100609.png,>10_20
100610.png,>70_80
100611.png,>10_20
100612.png,>10_20
100613.png,>70_80
100614.png,>90
100615.png,>10_20
100616.png,>20_30
100617.png,>80_90
100618.png,>40_50
100619.png,>80_90
100620.png,>90
100621.png,>40_50
100622.png,>90
100623.png,>40_50
100624.png,>20_30
100625.png,>90
100626.png,>70_80
100627.png,>70_80
100628.png,>80_90
100629.png,>60_70
100630.png,>70_80
100631.png,>30_40
100632.png,>10_20
100633.png,>20_30
100634.png,>20_30
100635.png,>20_30
100636.png,<=10
100637.png,>10_20
100638.png,>20_30
100639.png,<=10
100640.png,<=10
100641.png,>30_40
100642.png,>70_80
100643.png,>40_50
100644.png,<=10
100645.png,>10_20
100646.png,<=10
100647.png,>40_50
100648.png,>90
100649.png,>60_70
100650.png,>80_90
100651.png,>50_60
100652.png,>90
100653.png,>50_60
100654.png,>40_50
100655.png,>70_80
100656.png,>60_70
100657.png,>30_40
100658.png,>30_40
100659.png,>40_50
100660.png,>70_80
100661.png,>70_80
100662.png,>60_70
100663.png,>20_30
100664.png,>10_20
100665.png,>90
100666.png,>20_30
100667.png,>30_40
100668.png,>20_30
100669.png,<=10
100670.png,<=10
100671.png,>20_30
100672.png,>30_40
100673.png,>20_30
100674.png,>50_60
100675.png,>10_20
100676.png,>10_20
100677.png,>10_20
100678.png,>70_80
100679.png,<=10
100680.png,>20_30
100681.png,>90
100682.png,>40_50
100683.png,>20_30
100684.png,>40_50
100685.png,<=10
100686.png,>10_20
100687.png,<=10
100688.png,>40_50
100689.png,>40_50
100690.png,>10_20
100691.png,>30_40
100692.png,>20_30
100693.png,>70_80
100694.png,>30_40
100695.png,>30_40
100696.png,>80_90
100697.png,>70_80
100698.png,>20_30
100699.png,>50_60
100700.png,>80_90
100701.png,>80_90
100702.png,<=10
100703.png,>10_20
100704.png,>20_30
100705.png,<=10
100706.png,>50_60
100707.png,>50_60
100708.png,>40_50
100709.png,>10_20
100710.png,>80_90
100711.png,>50_60
100712.png,>70_80
100713.png,>30_40
100714.png,<=10
100715.png,>30_40
100716.png,<=10
100717.png,>20_30
100718.png,>80_90
100719.png,<=10
100720.png,>40_50
100721.png,>40_50
100722.png,<=10
100723.png,>50_60
100724.png,>40_50
100725.png,>20_30
100726.png,>80_90
100727.png,>30_40
100728.png,>10_20
100729.png,>70_80
100730.png,>70_80
100731.png,<=10
100732.png,>70_80
100733.png,>80_90
100734.png,>60_70
100735.png,<=10
100736.png,>10_20
100737.png,>90
100738.png,>60_70
100739.png,>60_70
100740.png,>90
100741.png,>20_30
100742.png,>30_40
100743.png,>20_30
100744.png,>80_90
100745.png,>90
100746.png,>30_40
100747.png,>90
100748.png,<=10
100749.png,>30_40
100750.png,>70_80
100751.png,>20_30
100752.png,>60_70
100753.png,<=10
100754.png,>10_20
100755.png,>80_90
100756.png,>90
100757.png,>90
100758.png,<=10
100759.png,<=10
100760.png,>50_60
100761.png,>10_20
100762.png,>70_80
100763.png,>90
100764.png,>90
100765.png,>90
100766.png,>90
100767.png,>70_80
100768.png,>80_90
100769.png,>70_80
100770.png,>90
100771.png,>90
100772.png,>80_90
100773.png,>40_50
100774.png,>30_40
100775.png,>60_70
100776.png,<=10
100777.png,>90
100778.png,>50_60
100779.png,<=10
100780.png,>20_30
100781.png,>30_40
100782.png,<=10
100783.png,>10_20
100784.png,<=10
100785.png,>70_80
100786.png,>60_70
100787.png,>20_30
100788.png,>60_70
100789.png,>70_80
100790.png,>10_20
100791.png,>10_20
100792.png,>10_20
100793.png,>20_30
100794.png,>20_30
100795.png,>40_50
100796.png,>20_30
100797.png,<=10
100798.png,>10_20
100799.png,>50_60
100800.png,>40_50
100801.png,>10_20
100802.png,>50_60
100803.png,>70_80
100804.png,>20_30
100805.png,<=10
100806.png,>70_80
100807.png,>60_70
100808.png,>20_30
100809.png,>80_90
100810.png,>30_40
100811.png,>20_30
100812.png,>10_20
100813.png,>70_80
100814.png,>50_60
100815.png,>30_40
100816.png,>80_90
100817.png,>70_80
100818.png,>90
100819.png,>90
100820.png,>30_40
100821.png,>50_60
100822.png,>90
100823.png,>80_90
100824.png,>60_70
100825.png,>10_20
100826.png,>80_90
100827.png,>90
100828.png,>10_20
100829.png,<=10
100830.png,>30_40
100831.png,<=10
100832.png,>60_70
100833.png,>50_60
100834.png,>60_70
100835.png,>70_80
100836.png,>70_80
100837.png,>10_20
100838.png,>70_80
100839.png,>90
100840.png,>50_60
100841.png,>40_50
100842.png,>90
100843.png,<=10
100844.png,>30_40
100845.png,>60_70
100846.png,>50_60
100847.png,>10_20
100848.png,>30_40
100849.png,<=10
100850.png,>80_90
100851.png,>40_50
100852.png,>50_60
100853.png,>10_20
100854.png,>70_80
100855.png,<=10
100856.png,>70_80
100857.png,>20_30
100858.png,>40_50
100859.png,>20_30
100860.png,<=10
100861.png,<=10
100862.png,>10_20
100863.png,<=10
100864.png,>20_30
100865.png,>70_80
100866.png,>80_90
100867.png,>60_70
100868.png,>90
100869.png,>70_80
100870.png,>60_70
100871.png,<=10
100872.png,<=10
100873.png,>60_70
100874.png,>20_30
100875.png,>80_90
100876.png,>90
100877.png,>80_90
100878.png,>30_40
100879.png,>60_70
100880.png,>30_40
100881.png,>10_20
100882.png,>10_20
100883.png,<=10
100884.png,>50_60
100885.png,>90
100886.png,>40_50
100887.png,>90
100888.png,>10_20
100889.png,>70_80
100890.png,>50_60
100891.png,>50_60
100892.png,>70_80
100893.png,>90
100894.png,>80_90
100895.png,>50_60
100896.png,>80_90
100897.png,>20_30
100898.png,>40_50
100899.png,<=10
100900.png,>80_90
100901.png,>30_40
100902.png,>70_80
100903.png,>80_90
100904.png,>80_90
100905.png,>20_30
100906.png,>10_20
100907.png,>70_80
100908.png,>50_60
100909.png,>60_70
100910.png,<=10
100911.png,>60_70
100912.png,>50_60
100913.png,>70_80
100914.png,>60_70
100915.png,<=10
100916.png,>60_70
100917.png,>30_40
100918.png,>50_60
100919.png,>60_70
100920.png,>10_20
100921.png,>60_70
100922.png,>40_50
100923.png,>60_70
100924.png,>30_40
100925.png,>10_20
100926.png,>80_90
100927.png,>80_90
100928.png,>60_70
100929.png,>50_60
100930.png,>70_80
100931.png,>70_80
100932.png,<=10
100933.png,<=10
100934.png,>30_40
100935.png,<=10
100936.png,>50_60
100937.png,<=10
100938.png,>10_20
100939.png,>50_60
100940.png,>50_60
100941.png,<=10
100942.png,>20_30
100943.png,>30_40
100944.png,>40_50
100945.png,>10_20
100946.png,>30_40
100947.png,>40_50
100948.png,>20_30
100949.png,>60_70
100950.png,>10_20
100951.png,>10_20
100952.png,>60_70
100953.png,<=10
100954.png,>70_80
100955.png,>70_80
100956.png,>20_30
100957.png,>10_20
100958.png,>10_20
100959.png,>40_50
100960.png,>90
100961.png,>90
100962.png,>90
100963.png,>90
100964.png,>30_40
100965.png,>90
100966.png,>10_20
100967.png,>40_50
100968.png,>10_20
100969.png,>60_70
100970.png,>70_80
100971.png,>80_90
100972.png,<=10
100973.png,>40_50
100974.png,>90
100975.png,>60_70
100976.png,>90
100977.png,>10_20
100978.png,>50_60
100979.png,<=10
100980.png,>10_20
100981.png,>80_90
100982.png,>80_90
100983.png,>20_30
100984.png,>30_40
100985.png,>40_50
100986.png,>40_50
100987.png,>20_30
100988.png,>20_30
100989.png,>40_50
100990.png,>60_70
100991.png,>50_60
100992.png,>20_30
100993.png,>60_70
100994.png,<=10
100995.png,>10_20
100996.png,<=10
100997.png,>80_90
100998.png,>60_70
100999.png,>70_80
101000.png,>40_50
101001.png,>10_20
101002.png,>20_30
101003.png,<=10
101004.png,>70_80
101005.png,>30_40
101006.png,>30_40
101007.png,<=10
101008.png,>30_40
101009.png,>60_70
101010.png,>40_50
101011.png,>60_70
101012.png,>60_70
101013.png,>40_50
101014.png,<=10
101015.png,<=10
101016.png,<=10
101017.png,>50_60
101018.png,<=10
101019.png,<=10
101020.png,<=10
101021.png,>30_40
101022.png,>40_50
101023.png,<=10
101024.png,<=10
101025.png,>50_60
101026.png,>80_90
101027.png,>80_90
101028.png,>30_40
101029.png,>80_90
101030.png,>20_30
101031.png,<=10
101032.png,>30_40
101033.png,>30_40
101034.png,>40_50
101035.png,>10_20
101036.png,>10_20
101037.png,>30_40
101038.png,>60_70
101039.png,<=10
101040.png,>10_20
101041.png,>30_40
101042.png,>10_20
101043.png,>10_20
101044.png,>40_50
101045.png,>90
101046.png,>70_80
101047.png,>60_70
101048.png,>70_80
101049.png,>70_80
101050.png,>30_40
101051.png,>70_80
101052.png,>90
101053.png,>60_70
101061.png,<=10
101062.png,>30_40
101063.png,<=10
101064.png,>10_20
101065.png,>10_20
101066.png,<=10
101067.png,>80_90
101068.png,>50_60
101069.png,<=10
101070.png,>40_50
101071.png,>40_50
101072.png,>40_50
101073.png,>30_40
101074.png,>30_40
101075.png,>40_50
101076.png,>70_80
101077.png,>20_30
101078.png,>40_50
101079.png,>60_70
101080.png,>80_90
101081.png,>10_20
101082.png,>50_60
101083.png,>40_50
101084.png,>20_30
101085.png,>60_70
101086.png,>30_40
101087.png,>10_20
101088.png,>60_70
101089.png,>50_60
101090.png,>80_90
101091.png,>30_40
101092.png,>30_40
101093.png,>70_80
101094.png,>40_50
101095.png,>60_70
101096.png,>40_50
101097.png,>80_90
101098.png,>90
101099.png,>80_90
101100.png,>80_90
101101.png,>80_90
101102.png,>10_20
101103.png,>10_20
101104.png,<=10
101105.png,>40_50
101106.png,>50_60
101107.png,>10_20
101108.png,>10_20
101109.png,>20_30
101110.png,>10_20
101111.png,<=10
101112.png,>40_50
101113.png,>40_50
101114.png,>10_20
101115.png,<=10
101116.png,>60_70
101117.png,>20_30
101118.png,>10_20
101119.png,<=10
101120.png,>90
101121.png,>90
101122.png,>20_30
101123.png,>10_20
101124.png,<=10
101125.png,>10_20
101126.png,>50_60
101127.png,>60_70
101128.png,>20_30
101129.png,>90
101130.png,>30_40
101131.png,>10_20
101132.png,>30_40
101133.png,>10_20
101134.png,>20_30
101135.png,>40_50
101136.png,>70_80
101137.png,<=10
101138.png,<=10
101139.png,>90
101140.png,>50_60
101141.png,>90
101142.png,>90
101143.png,>90
101144.png,>80_90
101145.png,>80_90
101146.png,>50_60
101147.png,>30_40
101148.png,<=10
101149.png,>40_50
101150.png,>70_80
101151.png,>80_90
101152.png,>30_40
101153.png,>30_40
101154.png,>50_60
101155.png,>30_40
101156.png,>50_60
101157.png,>60_70
101158.png,>50_60
101159.png,>30_40
101160.png,>50_60
101161.png,>20_30
101162.png,>40_50
101163.png,>30_40
101164.png,>60_70
101165.png,>10_20
101166.png,>10_20
101167.png,>70_80
101168.png,>10_20
101169.png,>20_30
101170.png,>70_80
101171.png,<=10
101172.png,>70_80
101173.png,>80_90
101174.png,>80_90
101175.png,<=10
101176.png,>80_90
101177.png,>90
101178.png,>60_70
101179.png,>10_20
101180.png,>50_60
101181.png,>30_40
101182.png,>10_20
101183.png,>90
101184.png,>80_90
101185.png,>50_60
101186.png,>20_30
101187.png,>20_30
101188.png,>40_50
101189.png,>10_20
101190.png,>70_80
101191.png,>50_60
101192.png,>70_80
101193.png,>90
101194.png,>50_60
101195.png,>90
101196.png,>30_40
101197.png,>10_20
101198.png,>80_90
101199.png,>60_70
101200.png,>10_20
101201.png,>80_90
101202.png,>40_50
101203.png,>60_70
101204.png,>30_40
101205.png,>50_60
101206.png,>10_20
101207.png,>40_50
101208.png,>10_20
101209.png,>40_50
101210.png,>40_50
101211.png,>90
101212.png,>60_70
101213.png,>20_30
101214.png,>60_70
101215.png,>20_30
101216.png,>90
101217.png,>90
101218.png,>90
101219.png,>80_90
101220.png,>70_80
101221.png,>80_90
101222.png,>50_60
101223.png,>70_80
101224.png,>70_80
101225.png,>70_80
101226.png,>70_80
101227.png,>50_60
101228.png,>80_90
101229.png,>20_30
101230.png,>10_20
101231.png,>10_20
101232.png,>10_20
101233.png,>40_50
101234.png,>70_80
101235.png,>50_60
101236.png,>10_20
101237.png,<=10
101238.png,>50_60
101239.png,<=10
101240.png,>80_90
101241.png,>60_70
101242.png,>60_70
101243.png,>90
101244.png,>80_90
101245.png,>50_60
101246.png,>80_90
101247.png,>80_90
101248.png,>40_50
101249.png,>50_60
101250.png,>20_30
101251.png,>20_30
101252.png,>30_40
101253.png,>10_20
101254.png,>40_50
101255.png,>30_40
101256.png,>30_40
101257.png,>20_30
101258.png,>20_30
101259.png,>70_80
101260.png,>90
101261.png,>30_40
101262.png,<=10
101263.png,<=10
101264.png,>90
101265.png,>80_90
101266.png,>90
101267.png,>10_20
101268.png,>40_50
101269.png,>40_50
101270.png,>50_60
101271.png,>50_60
101272.png,>40_50
101273.png,>40_50
101274.png,>70_80
101275.png,>30_40
101276.png,>20_30
101277.png,>10_20
101278.png,>60_70
101279.png,>60_70
101280.png,>60_70
101281.png,>90
101282.png,>70_80
101283.png,>80_90
101284.png,<=10
101285.png,<=10
101286.png,>10_20
101287.png,>10_20
101288.png,>20_30
101289.png,>80_90
101290.png,<=10
101291.png,>50_60
101292.png,>90
101293.png,>30_40
101294.png,>40_50
101295.png,>20_30
101296.png,>40_50
101297.png,>10_20
101298.png,>10_20
101299.png,>50_60
101300.png,>70_80
101301.png,>90
101302.png,>70_80
101303.png,>60_70
101304.png,>80_90
101305.png,>80_90
101306.png,>70_80
101307.png,>80_90
101308.png,<=10
101309.png,>40_50
101310.png,>50_60
101311.png,<=10
101312.png,>60_70
101313.png,>90
101314.png,>60_70
101315.png,>50_60
101316.png,>30_40
101317.png,>70_80
101318.png,>60_70
101319.png,>20_30
101320.png,>40_50
101321.png,>90
101322.png,>90
101323.png,>50_60
101324.png,>80_90
101325.png,>90
101326.png,>60_70
101327.png,>50_60
101328.png,>40_50
101329.png,>90
101330.png,>90
101331.png,>80_90
101332.png,>50_60
101333.png,>10_20
101334.png,>70_80
101335.png,>90
101336.png,>40_50
101337.png,>20_30
101338.png,>20_30
101339.png,>30_40
101340.png,>30_40
101341.png,<=10
101342.png,>70_80
101343.png,>80_90
101344.png,>80_90
101345.png,>30_40
101346.png,>20_30
101347.png,>70_80
101348.png,>90
101349.png,>20_30
101350.png,>80_90
101351.png,>60_70
101352.png,>20_30
101353.png,>20_30
101354.png,>60_70
101355.png,>40_50
101356.png,>50_60
101357.png,>20_30
101358.png,>70_80
101359.png,>30_40
101360.png,>70_80
101361.png,>90
101362.png,>60_70
101363.png,>60_70
101364.png,>50_60
101365.png,>90
101366.png,>40_50
101367.png,>30_40
101368.png,>70_80
101369.png,<=10
101370.png,>50_60
101371.png,>50_60
101372.png,<=10
101373.png,<=10
101374.png,>40_50
101375.png,>50_60
101376.png,>70_80
101377.png,>40_50
101378.png,>40_50
101379.png,>40_50
101380.png,>60_70
101381.png,>60_70
101382.png,>30_40
101383.png,>50_60
101384.png,>20_30
101385.png,>50_60
101386.png,>70_80
101387.png,>50_60
101388.png,<=10
101389.png,>10_20
101390.png,>40_50
101391.png,>70_80
101392.png,>10_20
101393.png,>70_80
101394.png,>30_40
101395.png,<=10
101396.png,>30_40
101397.png,>70_80
101398.png,>60_70
101399.png,<=10
101400.png,<=10
101401.png,>10_20
101402.png,>10_20
101403.png,>20_30
101404.png,>50_60
101405.png,>80_90
101406.png,>30_40
101407.png,>70_80
101408.png,>80_90
101409.png,>70_80
101410.png,>40_50
101411.png,>40_50
101412.png,>60_70
101413.png,>30_40
101414.png,>60_70
101415.png,>20_30
101416.png,>50_60
101417.png,>40_50
101418.png,>30_40
101419.png,>50_60
101420.png,<=10
101421.png,>80_90
101422.png,>20_30
101423.png,>30_40
101424.png,>50_60
101425.png,>60_70
101426.png,>20_30
101427.png,>90
101428.png,>40_50
101429.png,>70_80
101430.png,>40_50
101431.png,>40_50
101432.png,>90
101433.png,>50_60
101434.png,>70_80
101435.png,>30_40
101436.png,>80_90
101437.png,>80_90
101438.png,>40_50
101439.png,>30_40
101440.png,>60_70
101441.png,>30_40
101442.png,>70_80
101443.png,>70_80
101444.png,>90
101445.png,>60_70
101446.png,>70_80
101447.png,>40_50
101448.png,>10_20
101449.png,<=10
101450.png,>10_20
101451.png,>40_50
101452.png,>60_70
101453.png,>80_90
101454.png,>40_50
101455.png,>10_20
101456.png,>50_60
101457.png,>50_60
101458.png,>90
101459.png,>70_80
101460.png,>20_30
101461.png,>80_90
101462.png,>50_60
101463.png,>90
101464.png,>80_90
101465.png,<=10
101466.png,>10_20
101467.png,>80_90
101468.png,>90
101469.png,>50_60
101470.png,>50_60
101471.png,>30_40
101472.png,>90
101473.png,>30_40
101474.png,>90
101475.png,>10_20
101476.png,>40_50
101477.png,>70_80
101478.png,>20_30
101479.png,>30_40
101480.png,>20_30
101481.png,>50_60
101482.png,<=10
101483.png,>90
101484.png,>50_60
101485.png,>80_90
101486.png,>20_30
101487.png,>50_60
101488.png,>70_80
101489.png,>80_90
101490.png,<=10
101491.png,>80_90
101492.png,>10_20
101493.png,>10_20
101494.png,>30_40
101495.png,>50_60
101496.png,<=10
101497.png,>10_20
101498.png,<=10
101499.png,>40_50
101500.png,>20_30
101501.png,>70_80
101502.png,>70_80
101503.png,>80_90
101504.png,>20_30
101505.png,>10_20
101506.png,>60_70
101507.png,>60_70
101508.png,>30_40
101509.png,>10_20
101510.png,>80_90
101511.png,>90
101512.png,>50_60
101513.png,>90
101514.png,>20_30
101515.png,>90
101516.png,>40_50
101517.png,>70_80
101518.png,>90
101519.png,>70_80
101520.png,>70_80
101521.png,>60_70
101522.png,>60_70
101523.png,>80_90
101524.png,>40_50
101525.png,>20_30
101526.png,>10_20
101527.png,>10_20
101528.png,>70_80
101529.png,>90
101530.png,<=10
101531.png,>30_40
101532.png,>60_70
101533.png,>90
101534.png,>70_80
101535.png,>80_90
101536.png,>30_40
101537.png,>40_50
101538.png,>90
101539.png,>90
101540.png,>60_70
101541.png,>30_40
101542.png,>60_70
101543.png,>60_70
101544.png,>90
101545.png,>10_20
101546.png,>50_60
101547.png,>90
101548.png,>80_90
101549.png,>30_40
101550.png,>10_20
101551.png,>10_20
101552.png,>80_90
101553.png,>40_50
101554.png,>30_40
101555.png,>20_30
101556.png,>40_50
101557.png,>10_20
101558.png,>20_30
101559.png,<=10
101560.png,<=10
101561.png,>80_90
101562.png,>40_50
101563.png,>40_50
101564.png,<=10
101565.png,>30_40
101566.png,>70_80
101567.png,>70_80
101568.png,>40_50
101569.png,>90
101570.png,>20_30
101571.png,>10_20
101572.png,>10_20
101573.png,<=10
101574.png,>90
101575.png,>50_60
101576.png,>20_30
101577.png,>20_30
101578.png,>60_70
101579.png,>10_20
101580.png,>70_80
101581.png,>60_70
101582.png,>40_50
101583.png,>80_90
101584.png,>20_30
101585.png,<=10
101586.png,>50_60
101587.png,>40_50
101588.png,>30_40
101589.png,>50_60
101590.png,>20_30
101591.png,<=10
101592.png,<=10
101593.png,>10_20
101594.png,>30_40
101595.png,>10_20
101596.png,<=10
101597.png,>40_50
101598.png,>10_20
101599.png,<=10
101600.png,>30_40
101601.png,>50_60
101602.png,>60_70
101603.png,>80_90
101604.png,>40_50
101605.png,>40_50
101606.png,>10_20
101607.png,>40_50
101608.png,>90
101609.png,>60_70
101610.png,>90
101611.png,>90
101612.png,>10_20
101613.png,>50_60
101614.png,>60_70
101615.png,>40_50
101616.png,>10_20
101617.png,>60_70
101618.png,>70_80
101619.png,>80_90
101620.png,>80_90
101621.png,>40_50
101622.png,>30_40
101623.png,>80_90
101624.png,>60_70
101625.png,>30_40
101626.png,>80_90
101627.png,>20_30
101628.png,>30_40
101629.png,>40_50
101630.png,>60_70
101631.png,>50_60
101632.png,>70_80
101633.png,>60_70
101634.png,>80_90
101635.png,>50_60
101636.png,>70_80
101637.png,>40_50
101638.png,>90
101639.png,>70_80
101640.png,>10_20
101641.png,>60_70
101642.png,<=10
101643.png,>50_60
101644.png,>70_80
101645.png,>30_40
101646.png,>40_50
101647.png,>10_20
101648.png,>90
101649.png,>90
101650.png,>20_30
101651.png,>60_70
101652.png,>40_50
101653.png,>30_40
101654.png,<=10
101655.png,>10_20
101656.png,<=10
101657.png,>90
101658.png,>30_40
101659.png,>40_50
101660.png,>20_30
101661.png,>10_20
101662.png,>20_30
101663.png,>40_50
101664.png,>20_30
101665.png,>30_40
101666.png,>80_90
101667.png,>10_20
101668.png,>60_70
101669.png,>30_40
101670.png,>10_20
101671.png,>70_80
101672.png,>60_70
101673.png,>90
101674.png,>50_60
101675.png,>20_30
101676.png,>60_70
101677.png,>70_80
101678.png,>10_20
101679.png,>20_30
101680.png,>50_60
101681.png,<=10
101682.png,>70_80
101683.png,>70_80
101684.png,>60_70
101685.png,>60_70
101686.png,>30_40
101687.png,>20_30
101688.png,>70_80
101689.png,>30_40
101690.png,>60_70
101691.png,>50_60
101692.png,>40_50
101693.png,>10_20
101694.png,>60_70
101695.png,>20_30
101696.png,>10_20
101697.png,>70_80
101698.png,>80_90
101699.png,>40_50
101700.png,>80_90
101701.png,>90
101702.png,>50_60
101703.png,>20_30
101704.png,<=10
101705.png,>20_30
101706.png,>50_60
101707.png,>60_70
101708.png,>70_80
101709.png,>90
101710.png,>90
101711.png,>80_90
101712.png,>20_30
101713.png,>20_30
101714.png,>80_90
101715.png,<=10
101716.png,>10_20
101717.png,>60_70
101718.png,>70_80
101719.png,>30_40
101720.png,<=10
101721.png,>70_80
101722.png,>60_70
101723.png,>90
101724.png,>70_80
101725.png,>30_40
101726.png,>90
101727.png,>60_70
101728.png,>80_90
101729.png,>60_70
101730.png,>90
101731.png,>10_20
101732.png,>20_30
101733.png,>30_40
101734.png,>70_80
101735.png,>80_90
101736.png,>40_50
101737.png,<=10
101738.png,>70_80
101739.png,>60_70
101740.png,>90
101741.png,>60_70
101742.png,>70_80
101743.png,>40_50
101744.png,>50_60
101745.png,>90
101746.png,>40_50
101747.png,>50_60
101748.png,>20_30
101749.png,>90
101750.png,>70_80
101751.png,>20_30
101752.png,>30_40
101753.png,>60_70
101754.png,>60_70
101755.png,>20_30
101756.png,<=10
101757.png,<=10
101758.png,>60_70
101759.png,>50_60
101760.png,>60_70
101761.png,>50_60
101762.png,>10_20
101763.png,>40_50
101764.png,>70_80
101765.png,>50_60
101766.png,>80_90
101767.png,>80_90
101768.png,>30_40
101769.png,>70_80
101770.png,>20_30
101771.png,>10_20
101772.png,>30_40
101773.png,>50_60
101774.png,>30_40
101775.png,<=10
101776.png,>20_30
101777.png,>90
101778.png,>90
101779.png,>80_90
101780.png,>50_60
101781.png,>80_90
101782.png,>60_70
101783.png,>50_60
101784.png,>10_20
101785.png,>10_20
101786.png,>10_20
101787.png,>60_70
101788.png,>30_40
101789.png,>40_50
101790.png,<=10
101791.png,>10_20
101792.png,>60_70
101793.png,>80_90
101794.png,>50_60
101795.png,<=10
101796.png,<=10
101797.png,>60_70
101798.png,>20_30
101799.png,>20_30
101800.png,>90
101801.png,>70_80
101802.png,>20_30
101803.png,<=10
101804.png,>30_40
101805.png,>50_60
101806.png,>30_40
101807.png,<=10
101808.png,>30_40
101809.png,>70_80
101810.png,>50_60
101811.png,<=10
101812.png,>50_60
101813.png,>10_20
101814.png,>40_50
101815.png,>10_20
101816.png,>60_70
101817.png,>20_30
101818.png,>90
101819.png,>10_20
101820.png,>80_90
101821.png,>40_50
101822.png,>80_90
101823.png,>20_30
101824.png,>20_30
101825.png,>50_60
101826.png,<=10
101827.png,>90
101828.png,>30_40
101829.png,>70_80
101830.png,>80_90
101831.png,>30_40
101832.png,>30_40
101833.png,>70_80
101834.png,>70_80
101835.png,>90
101836.png,>30_40
101837.png,>80_90
101838.png,>70_80
101839.png,>50_60
101840.png,>20_30
101841.png,>80_90
101842.png,>20_30
101843.png,>40_50
101844.png,>80_90
101845.png,>10_20
101846.png,>60_70
101847.png,>10_20
101848.png,>70_80
101849.png,>80_90
101850.png,>60_70
101851.png,>70_80
101852.png,>50_60
101853.png,>60_70
101854.png,>70_80
101855.png,>60_70
101856.png,>60_70
101857.png,<=10
101858.png,>90
101859.png,>30_40
101860.png,>60_70
101861.png,>40_50
101862.png,>60_70
101863.png,>20_30
101864.png,>30_40
101865.png,>90
101866.png,>80_90
101867.png,>40_50
101868.png,>30_40
101869.png,>10_20
101870.png,>50_60
101871.png,>80_90
101872.png,>30_40
101873.png,>70_80
101874.png,>30_40
101875.png,>30_40
101876.png,>80_90
101877.png,>30_40
101878.png,>90
101879.png,<=10
101880.png,<=10
101881.png,>50_60
101882.png,<=10
101883.png,>50_60
101884.png,>20_30
101885.png,>50_60
101886.png,>40_50
101887.png,>40_50
101888.png,>10_20
101889.png,>90
101890.png,>20_30
101891.png,>20_30
101892.png,>80_90
101893.png,<=10
101894.png,>10_20
101895.png,>20_30
101896.png,<=10
101897.png,>10_20
101898.png,>20_30
101899.png,>40_50
101900.png,>30_40
101901.png,>70_80
101902.png,>30_40
101903.png,>40_50
101904.png,>40_50
101905.png,>70_80
101906.png,>40_50
101907.png,>20_30
101908.png,>30_40
101909.png,>40_50
101910.png,>10_20
101911.png,<=10
101912.png,>60_70
101913.png,>50_60
101914.png,>20_30
101915.png,>60_70
101916.png,<=10
101917.png,>70_80
101918.png,>20_30
101919.png,<=10
101920.png,>60_70
101921.png,>90
101922.png,>20_30
101923.png,>70_80
101924.png,>40_50
101925.png,>30_40
101926.png,>70_80
101927.png,>70_80
101928.png,>30_40
101929.png,>70_80
101930.png,>20_30
101931.png,>80_90
101932.png,<=10
101933.png,<=10
101937.png,>20_30
101942.png,>60_70
101943.png,>60_70
101944.png,>20_30
101945.png,>50_60
101946.png,>40_50
101947.png,>40_50
101948.png,>20_30
101949.png,>60_70
101950.png,>70_80
101951.png,>30_40
101952.png,>10_20
101953.png,>80_90
101954.png,>80_90
101955.png,>10_20
101956.png,>90
101957.png,>80_90
101958.png,>80_90
101959.png,>60_70
101960.png,>40_50
101961.png,<=10
101962.png,>60_70
101963.png,>60_70
101964.png,>20_30
101965.png,>30_40
101966.png,>70_80
101967.png,>60_70
101968.png,>40_50
101969.png,>50_60
101970.png,>30_40
101971.png,>20_30
101972.png,>50_60
101973.png,>20_30
101974.png,>90
101975.png,>50_60
101976.png,>70_80
101977.png,>10_20
101978.png,>70_80
101979.png,<=10
101980.png,>30_40
101981.png,>50_60
101982.png,>50_60
101983.png,>30_40
101984.png,>60_70
101985.png,>60_70
101986.png,>30_40
101987.png,>30_40
101988.png,>40_50
101989.png,>40_50
101990.png,>80_90
101991.png,>60_70
101992.png,>30_40
101993.png,>60_70
101994.png,>50_60
101995.png,>80_90
101996.png,>50_60
101997.png,>30_40
101998.png,>20_30
101999.png,>10_20
102000.png,>50_60
